Run,RunStart,RunDuration,Comments,Junfrau Z,GasCell Pressure,GasCell X,GasCell Y,GasCell Pitch,GasCell Yaw,Pinhole X,Pinhole Y
215,Jun/7/2022 5:52:58,458.22,"2-IT, +100ps",-487.979,1.467,170.865,-101.1,50.7401,-38.7913,-28.0331,1.0201
214,Jun/7/2022 5:45:35,420.556,"2-IT, +10ps",-487.979,1.468,170.865,-101.1,50.7401,-38.7912,-28.0332,1.0201
213,Jun/7/2022 5:31:59,405.304,Neon calibration,-487.979,10.769,170.8649,-101.1,50.7401,-38.7914,-28.0331,1.02
212,Jun/7/2022 5:20:30,358.556,SF6 background,-487.979,10.695,170.865,-101.1,50.7401,-38.7913,-28.0331,1.0201
211,Jun/7/2022 5:10:05,381.279,"No gas, X-rays only.",-487.979,0.75,170.865,-101.1,50.7401,-38.7914,-28.0332,1.02
210,Jun/7/2022 5:07:56,98.753,TT Calibration,-487.979,0.752,170.865,-101.1,50.7401,-38.7914,-28.0332,1.02
209,Jun/7/2022 5:05:57,98.324,TT Calibration,-487.9788,0.75,170.865,-101.1,50.7401,-38.7914,-28.0331,1.02
208,Jun/7/2022 4:58:12,304.501,,-487.9788,1.468,170.865,-101.1,50.7401,-38.7913,-28.0331,1.0201
207,Jun/7/2022 4:52:38,303.433,,-487.9788,1.467,170.865,-101.1,50.7401,-38.7913,-28.0331,1.0201
206,Jun/7/2022 4:47:22,304.094,,-487.9788,1.468,170.865,-101.1,50.7401,-38.7912,-28.0333,1.0201
205,Jun/7/2022 4:42:04,303.414,,-487.9788,1.47,170.865,-101.1,50.7401,-38.7912,-28.0331,1.0201
204,Jun/7/2022 4:36:51,304.246,,-487.9788,1.466,170.865,-101.1,50.7401,-38.7912,-28.0331,1.02
203,Jun/7/2022 4:31:33,304.495,,-487.9788,1.468,170.865,-101.1,50.7401,-38.7914,-28.0332,1.02
202,Jun/7/2022 4:26:18,304.1,,-487.9788,1.467,170.865,-101.1,50.7401,-38.7913,-28.0332,1.0201
201,Jun/7/2022 4:21:04,303.97,,-487.9788,1.464,170.865,-101.1,50.7401,-38.7913,-28.0332,1.02
200,Jun/7/2022 4:14:02,304.377,,-487.9788,1.465,170.865,-101.1,50.7401,-38.7914,-28.0332,1.0201
199,Jun/7/2022 4:08:49,304.159,,-487.9788,1.464,170.865,-101.1,50.7401,-38.7913,-28.0332,1.0201
198,Jun/7/2022 4:03:34,303.845,,-487.9788,1.467,170.865,-101.1,50.7401,-38.7913,-28.0331,1.0201
197,Jun/7/2022 3:57:46,304.352,,-487.9788,1.473,170.865,-101.1,50.7401,-38.7912,-28.0331,1.0201
196,Jun/7/2022 3:52:29,303.758,,-487.9788,1.471,170.865,-101.1,50.7401,-38.7912,-28.0331,1.0201
195,Jun/7/2022 3:46:48,304.191,,-487.9788,1.467,170.865,-101.1,50.7401,-38.7913,-28.0333,1.0201
194,Jun/7/2022 3:41:36,303.774,,-487.9788,1.466,170.865,-101.1,50.7401,-38.7913,-28.0332,1.0201
193,Jun/7/2022 3:36:10,303.623,,-487.9788,1.47,170.865,-101.1,50.7401,-38.7913,-28.0332,1.02
192,Jun/7/2022 3:30:58,303.522,,-487.9788,1.466,170.865,-101.1,50.7401,-38.7913,-28.0332,1.02
191,Jun/7/2022 3:25:37,303.978,,-487.9788,1.463,170.865,-101.1,50.7401,-38.7912,-28.0331,1.02
190,Jun/7/2022 3:20:18,304.122,,-487.9788,1.463,170.865,-101.1,50.7401,-38.7913,-28.0331,1.0201
189,Jun/7/2022 3:14:13,304.547,,-487.9788,1.458,170.865,-101.1,50.7401,-38.7913,-28.0332,1.0201
188,Jun/7/2022 3:08:58,303.879,,-487.9788,1.465,170.865,-101.1,50.7401,-38.7913,-28.0331,1.0201
187,Jun/7/2022 3:03:43,303.464,,-487.9788,1.467,170.865,-101.1,50.7401,-38.7913,-28.0331,1.02
186,Jun/7/2022 2:58:30,303.655,,-487.9788,1.466,170.865,-101.1,50.7401,-38.7913,-28.0331,1.02
185,Jun/7/2022 2:53:17,303.541,,-487.9788,1.466,170.865,-101.1,50.7401,-38.7912,-28.0332,1.02
184,Jun/7/2022 2:47:57,307.059,,-487.9788,1.469,170.865,-101.1,50.7401,-38.7914,-28.0332,1.02
183,Jun/7/2022 2:42:36,304.219,,-487.9788,1.464,170.865,-101.1,50.7401,-38.7913,-28.0332,1.02
182,Jun/7/2022 2:37:19,303.789,"RE(time_scans.time_scan(lxt_ttc, [-0.4e-12, -0.3e-12, -0.2e-12,-0.1e-12, 0, 0.1e-12, 0.2e-12, 0.3e-12, 0.4e-12, 0.5e-12, 0. ...: 6e-12, 0.8e-12, 1e-12, 1.2e-12, 1.4e-12, 1.6e-12, 1.8e-12, 2e-12, 2.2e-12, 2.4e-12, 2.6e-12, 3.5e-12, 5e-12, 10e-12], events ...: =120*10, ntimes=1, randomize=True, record=True)) Correct negative sign added for -0.1 ps",-487.9788,1.467,170.865,-101.1,50.7401,-38.7913,-28.0331,1.0201
181,Jun/7/2022 2:31:40,303.593,,-487.9788,1.467,170.865,-101.1,50.7401,-38.7913,-28.0332,1.0201
180,Jun/7/2022 2:22:28,430.736,,-487.9786,1.465,170.865,-101.1,50.7401,-38.7914,-28.0332,1.02
179,Jun/7/2022 2:15:06,431.007,,-487.9786,1.466,170.865,-101.1,50.7401,-38.7913,-28.0332,1.0201
178,Jun/7/2022 2:07:36,431.369,,-487.9784,1.467,170.865,-101.1,50.7401,-38.7912,-28.0331,1.0201
177,Jun/7/2022 1:59:56,431.406,,-487.9786,1.465,170.865,-101.1,50.7401,-38.7914,-28.0332,1.02
176,Jun/7/2022 1:52:33,432.271,,-487.9784,1.468,170.865,-101.1,50.7401,-38.7912,-28.0331,1.0201
175,Jun/7/2022 1:45:10,431.186,,-487.9784,1.465,170.865,-101.1,50.7401,-38.7913,-28.0331,1.02
174,Jun/7/2022 1:43:08,74.838,,-487.9784,1.468,170.865,-101.1,50.7401,-38.7913,-28.0331,1.02
173,Jun/7/2022 1:33:30,379.709,,-487.9784,1.468,170.865,-101.1,50.7401,-38.7912,-28.0331,1.0201
172,Jun/7/2022 1:26:45,379.087,"RE(time_scans.time_scan(lxt_ttc, [0, 1e-12, 2e-12, 3e-12, 4e-12, 5e-12], events=120*10, ntimes=5, randomize=True, record=True ...: ))",-487.9784,1.466,170.865,-101.1,50.7401,-38.7912,-28.0331,1.02
171,Jun/7/2022 1:20:01,378.823,"RE(time_scans.time_scan(lxt_ttc, [0, 1e-12, 2e-12, 3e-12, 4e-12, 5e-12], events=120*10, ntimes=5, randomize=True, record=True ...: )) Adjusted waveplate down to -17 (likely ~1.5-2uJ)",-487.9784,1.47,170.865,-101.1,50.7401,-38.7912,-28.0332,1.0201
170,Jun/7/2022 1:13:07,315.698,"RE(time_scans.time_scan(lxt_ttc, [-10e-12, -5e-12, 0, 5e-12, 10e-12], events=120*10, ntimes=5, randomize=True, record=True))",-487.9784,1.476,170.865,-101.1,50.7401,-38.7912,-28.0332,1.0201
169,Jun/7/2022 1:07:39,315.011,run 169 has the appropiate laser intensity,-487.9784,1.482,170.865,-101.1,50.7401,-38.7912,-28.0332,1.0201
168,Jun/7/2022 1:02:11,315.726,"RE(time_scans.time_scan(lxt_ttc, [-10e-12, -5e-12, 0, 5e-12, 10e-12], events=120*10, ntimes=5, randomize=True, record=True))scans 167 & 168 had LOWER laser power. the dial was at -15 when we checked spatial overlap. we turned it up in the middle of 168..",-487.9784,1.499,170.865,-101.1,50.7401,-38.7913,-28.0332,1.0201
167,Jun/7/2022 0:56:39,315.758,"switch back to 2-IT sample, [-10e-12, -5e-12, 0, 5e-12, 10e-12]scan with 2IT after the alignment check n [272]: RE(time_scans.time_scan(lxt_ttc, [-10e-12, -5e-12, 0, 5e-12, 10e-12], events=120*10, ntimes=5, randomize=True, record=True))",-487.9786,1.536,170.8653,-101.1,50.7401,-38.7913,-28.0333,1.0201
166,Jun/7/2022 0:29:19,316.771,"2-BrT, [-10e-12, -5e-12, 0, 5e-12, 10e-12]",-487.9946,2.944,170.8648,-101.1,50.74,-38.7914,-28.034,1.0201
165,Jun/7/2022 0:23:22,316.12,"2-BrT, [-10e-12, -5e-12, 0, 5e-12, 10e-12]",-487.9944,2.943,170.8648,-101.1,50.74,-38.7914,-28.034,1.0201
164,Jun/7/2022 0:17:50,315.709,"2-BrT, [-10e-12, -5e-12, 0, 5e-12, 10e-12]",-487.9944,2.946,170.8648,-101.1,50.74,-38.7914,-28.034,1.0201
163,Jun/7/2022 0:14:38,179.743,"repeat, no laser",-487.9944,2.953,170.8648,-101.1,50.74,-38.7913,-28.034,1.0201
162,Jun/7/2022 0:08:59,314.645,"repeat, after we turned off drift correction, no laser",-487.9944,2.955,170.8648,-101.1,50.74,-38.7913,-28.034,1.0201
161,Jun/7/2022 0:04:03,188.641,"repeat, no laser",-487.9944,2.956,170.8648,-101.1,50.74,-38.7913,-28.034,1.0201
160,Jun/7/2022 0:00:39,191.472,"[-10e-12, -5e-12, 0, 5e-12, 10e-12], no laser",-487.9944,2.954,170.8648,-101.1,50.74,-38.7914,-28.034,1.0201
159,Jun/6/2022 23:38:54,532.762,"Waveplate at -20 - 3.3uJ, otherwise repeat",-487.9944,0.918,170.8649,-101.1,50.74,-38.7913,-28.0339,1.0201
158,Jun/6/2022 23:23:31,532.783,repeat,-487.9944,0.921,170.8649,-101.1,50.74,-38.7914,-28.0339,1.0201
157,Jun/6/2022 23:14:16,532.638,repeat,-487.9944,0.922,170.8648,-101.1,50.74,-38.7914,-28.0339,1.0201
156,Jun/6/2022 23:05:00,533.204,"2-BrT, [-0.5e-12, -0.3e-12, -0.1e-12, 0.1e-12, 0.3e-12, 0.5e-12, 0.7e-12, 0.9e-12, 1.1e-12, 1.3e-12 ...: , 1.5e-12, 2.0e-12, 3.0e-12, 5.0e-12]",-487.9944,0.922,170.8648,-101.1,50.74,-38.7914,-28.0339,1.0201
155,Jun/6/2022 22:55:54,533.15,"2-BrT, [-0.5e-12, -0.3e-12, -0.1e-12, 0.1e-12, 0.3e-12, 0.5e-12, 0.7e-12, 0.9e-12, 1.1e-12, 1.3e-12 ...: , 1.5e-12, 2.0e-12, 3.0e-12, 5.0e-12]",-487.9944,0.917,170.8649,-101.1,50.74,-38.7914,-28.034,1.0201
154,Jun/6/2022 22:54:22,75.534,VOID,-487.9944,0.921,170.8649,-101.1,50.74,-38.7914,-28.034,1.0201
153,Jun/6/2022 22:53:13,35.821,DARK,-487.9944,0.92,170.8649,-101.1,50.74,-38.7914,-28.034,1.0201
152,Jun/6/2022 22:47:06,341.105,"2-BrT, [-0.5e-12, -0.3e-12, -0.1e-12, 0.1e-12, 0.3e-12, 0.5e-12, 0.7e-12, 0.9e-12, 1.1e-12, 1.3e-12 ...: , 1.5e-12, 2.0e-12, 3.0e-12, 5.0e-12]",-487.9944,0.917,170.8649,-101.1,50.74,-38.7914,-28.034,1.0201
151,Jun/6/2022 22:37:50,316.859,"2-BrT, [-1e-12, -0.5e-12, 0 , 0.5e-12, 1e-12]",-487.9944,0.923,170.8649,-101.1,50.74,-38.7914,-28.0339,1.0201
150,Jun/6/2022 22:31:33,314.475,"2-BrT, [-2e-12, -1e-12, 0 , 1e-12, 2e-12]",-487.9944,0.919,170.8649,-101.1,50.74,-38.7914,-28.0339,1.0201
149,Jun/6/2022 22:25:54,316.476,"2-BrT, [-2e-12, -1e-12, 0 , 1e-12, 2e-12]",-487.9944,0.916,170.8649,-101.1,50.74,-38.7914,-28.034,1.0201
148,Jun/6/2022 22:03:59,445.538,Ne static scattering,-487.9944,11.741,170.8649,-101.1,50.74,-38.7913,-28.034,1.0201
147,Jun/6/2022 21:40:33,435.636,SF6 static scattering,-487.9944,12.924,170.8649,-101.1,50.74,-38.7913,-28.0338,1.0201
146,Jun/6/2022 21:32:15,115.958,,-479.926,12.42,170.865,-101.1,50.74,-38.7913,-28.0338,1.0201
145,Jun/6/2022 21:29:54,116.418,TT Calib with SF6,-479.926,12.436,170.865,-101.1,50.74,-38.7913,-28.0338,1.0201
144,Jun/6/2022 21:26:31,116.558,TT Calib with SF6,-479.926,12.45,170.865,-101.1,50.74,-38.7913,-28.0338,1.0201
143,Jun/6/2022 21:24:23,116.988,TT Calib with SF6,-479.926,12.46,170.865,-101.1,50.74,-38.7913,-28.0339,1.0201
142,Jun/6/2022 21:11:55,234.109,TT Calib with SF6,-479.926,12.889,170.865,-101.1,50.74,-38.7914,-28.0338,1.0201
141,Jun/6/2022 20:54:09,844.645,TT Calib,-479.9264,0.742,170.865,-101.1,50.7399,-38.7913,-28.0338,1.0201
140,Jun/6/2022 20:52:04,43.671,,-479.9264,0.746,170.865,-101.1,50.7399,-38.7913,-28.0338,1.0201
139,Jun/6/2022 20:37:23,605.063,,-479.9266,0.745,170.865,-101.1,50.74,-38.7912,-28.0339,1.0201
138,Jun/6/2022 20:24:33,662.983,,-479.9266,0.743,170.8652,-101.1,50.7399,-35.5969,-28.0338,1.0201
137,Jun/6/2022 19:28:28,36.99,,-479.9272,0.737,170.8786,-100.6,50.8397,-32.5969,-50.0014,1.0202
136,Jun/6/2022 5:55:01,226.936,"no gas, background of the 'sludge'",-487.994,0.737,170.7246,-100.6,50.6983,-38.7957,-28.0383,1.0198
135,Jun/6/2022 5:47:10,456.309,"no gas, background of the 'sludge'",-487.994,0.74,170.7246,-100.6,50.6983,-38.7958,-28.0384,1.0198
134,Jun/6/2022 5:36:47,455.851,same as run 128,-487.994,1.468,170.7246,-100.6,50.6983,-38.7958,-28.0384,1.0198
133,Jun/6/2022 5:28:23,456.849,same as run 128,-487.9942,1.465,170.7246,-100.6,50.6983,-38.7958,-28.0384,1.0198
132,Jun/6/2022 5:20:38,456.16,same as run 128,-487.9942,1.468,170.7246,-100.6,50.6983,-38.7957,-28.0383,1.0198
131,Jun/6/2022 5:12:23,457.289,same as run 128,-487.9942,1.469,170.7246,-100.6,50.6983,-38.7957,-28.0384,1.0198
130,Jun/6/2022 5:04:36,456.995,same as run 128,-487.994,1.464,170.7247,-100.6,50.6983,-38.7957,-28.0384,1.0199
129,Jun/6/2022 4:56:49,456.906,same as run 128,-487.9942,1.465,170.7247,-100.6,50.6983,-38.7958,-28.0384,1.0198
128,Jun/6/2022 4:48:58,456.99,Run 128 - 134: Back to scanning with TT correction and gas sample.,-487.9942,1.463,170.7246,-100.6,50.6983,-38.7957,-28.0384,1.0198
127,Jun/6/2022 4:36:31,603.319,Re-running TT calibration,-487.9942,1.464,170.7247,-100.6,50.6983,-38.7957,-28.0384,1.0198
126,Jun/6/2022 4:10:01,516.868,,-487.9942,0.739,170.7247,-100.6,50.6983,-38.7958,-28.0383,1.0198
125,Jun/6/2022 3:54:11,456.994,,-487.9942,0.739,170.7247,-100.6,50.6983,-38.7958,-28.0383,1.0198
124,Jun/6/2022 3:46:23,456.091,,-487.9942,0.739,170.7247,-100.6,50.6983,-38.7957,-28.0383,1.0198
123,Jun/6/2022 3:38:37,456.115,,-487.9942,0.738,170.7247,-100.6,50.6983,-38.7958,-28.0383,1.0199
122,Jun/6/2022 3:30:51,457.118,,-487.9942,0.741,170.7247,-100.6,50.6983,-38.7957,-28.0384,1.0199
121,Jun/6/2022 3:20:06,456.779,,-487.9942,1.469,170.7247,-100.6,50.6983,-38.7957,-28.0384,1.0198
120,Jun/6/2022 3:12:14,461.959,,-487.9942,1.461,170.7247,-100.6,50.6983,-38.7957,-28.0383,1.0198
119,Jun/6/2022 3:02:47,456.617,,-487.9942,1.465,170.7247,-100.6,50.6983,-38.7958,-28.0383,1.0199
118,Jun/6/2022 2:54:54,456.346,,-487.9942,1.465,170.7248,-100.6,50.6983,-38.7957,-28.0384,1.0198
117,Jun/6/2022 2:47:08,456.133,,-487.9942,1.465,170.7248,-100.6,50.6983,-38.7957,-28.0383,1.0198
116,Jun/6/2022 2:38:36,456.63,,-487.9942,1.465,170.7247,-100.6,50.6983,-38.7958,-28.0384,1.0198
115,Jun/6/2022 2:30:53,455.947,,-487.9942,1.465,170.7247,-100.6,50.6983,-38.7958,-28.0384,1.0198
114,Jun/6/2022 2:23:07,456.005,,-487.9942,1.463,170.7248,-100.6,50.6983,-38.7957,-28.0383,1.0198
113,Jun/6/2022 2:15:21,456.177,,-487.9942,1.465,170.7247,-100.6,50.6983,-38.7958,-28.0384,1.0199
112,Jun/6/2022 2:07:35,456.277,,-487.9942,1.463,170.7248,-100.6,50.6983,-38.7957,-28.0383,1.0199
111,Jun/6/2022 1:59:45,456.75,,-487.9942,1.466,170.7248,-100.6,50.6983,-38.7957,-28.0383,1.0198
110,Jun/6/2022 1:51:32,456.354,,-487.9942,1.466,170.7248,-100.6,50.6983,-38.7958,-28.0384,1.0199
109,Jun/6/2022 1:43:16,456.733,,-487.9942,1.46,170.7248,-100.6,50.6983,-38.7957,-28.0383,1.0199
108,Jun/6/2022 1:34:01,456.574,,-487.9942,1.468,170.7248,-100.6,50.6983,-38.7957,-28.0383,1.0199
107,Jun/6/2022 1:26:08,456.738,,-487.9944,1.464,170.7248,-100.6,50.6983,-38.7957,-28.0383,1.0198
106,Jun/6/2022 1:18:19,456.746,,-487.9942,1.468,170.7249,-100.6,50.6983,-38.7957,-28.0383,1.0199
105,Jun/6/2022 1:10:31,456.453,,-487.9944,1.465,170.7249,-100.6,50.6983,-38.7958,-28.0382,1.0198
104,Jun/6/2022 1:02:35,456.696,,-487.9942,1.469,170.7249,-100.6,50.6983,-38.7958,-28.0382,1.0198
103,Jun/6/2022 0:52:16,532.522,,-487.9944,1.467,170.7249,-100.6,50.6983,-38.7958,-28.0383,1.0199
102,Jun/6/2022 0:43:45,456.19,,-487.9944,1.468,170.7249,-100.6,50.6983,-38.7958,-28.0383,1.0199
101,Jun/6/2022 0:35:44,465.142,,-487.9944,1.464,170.7249,-100.6,50.6983,-38.7958,-28.0382,1.0199
100,Jun/6/2022 0:27:57,456.343,,-487.9944,1.463,170.7249,-100.6,50.6983,-38.7957,-28.0383,1.0199
99,Jun/6/2022 0:20:04,459.211,,-487.9944,1.468,170.7249,-100.6,50.6983,-38.7957,-28.0382,1.0199
98,Jun/6/2022 0:11:54,456.765,,-487.9944,1.468,170.7249,-100.6,50.6983,-38.7957,-28.0382,1.0199
97,Jun/6/2022 0:02:51,381.843,,-487.9944,1.466,170.725,-100.6,50.6983,-38.7957,-28.0382,1.0199
96,Jun/5/2022 23:54:49,456.336,,-487.9944,1.47,170.7249,-100.6,50.6983,-38.7958,-28.0382,1.0198
95,Jun/5/2022 23:46:45,382.449,,-487.9944,1.467,170.725,-100.6,50.6983,-38.7957,-28.0383,1.0199
94,Jun/5/2022 23:39:55,380.432,,-487.9944,1.47,170.725,-100.6,50.6983,-38.7957,-28.0383,1.0199
93,Jun/5/2022 23:33:18,379.858,,-487.9944,1.468,170.7249,-100.6,50.6983,-38.7957,-28.0382,1.0199
92,Jun/5/2022 23:24:52,341.003,,-487.9944,1.465,170.725,-100.6,50.6983,-38.7958,-28.0383,1.0199
91,Jun/5/2022 23:14:34,570.086,,-487.9944,1.472,170.725,-100.6,50.6984,-38.7958,-28.0383,1.0199
90,Jun/5/2022 23:04:45,571.222,,-487.9944,1.466,170.725,-100.6,50.6983,-38.7957,-28.0383,1.0199
89,Jun/5/2022 23:01:10,37.251,,-487.9944,1.468,170.725,-100.6,50.6983,-38.7957,-28.0383,1.0199
88,Jun/5/2022 22:58:06,71.04,,-487.9944,1.466,170.725,-100.6,50.6983,-38.7957,-28.0383,1.0199
87,Jun/5/2022 22:45:29,382.965,,-487.9944,1.468,170.7251,-100.6,50.6983,-38.7957,-28.0382,1.0199
86,Jun/5/2022 22:38:17,316.924,,-487.9944,1.474,170.7251,-100.6,50.6983,-38.7957,-28.0382,1.0199
85,Jun/5/2022 22:32:43,316.012,,-487.9944,1.477,170.7251,-100.6,50.6983,-38.7957,-28.0382,1.0199
84,Jun/5/2022 22:26:54,316.413,,-487.9944,1.474,170.7251,-100.6,50.6983,-38.7958,-28.0383,1.0199
83,Jun/5/2022 22:15:39,63.097,,-487.9944,1.491,170.7251,-100.6,50.6984,-38.7958,-28.0382,1.0199
82,Jun/5/2022 22:11:04,45.989,,-487.9944,1.521,170.7251,-100.6,50.6984,-38.7957,-28.0382,1.0199
81,Jun/5/2022 21:52:10,439.542,,-487.9944,8.749,170.7251,-100.6,50.6984,-38.7958,-28.0381,1.0199
80,Jun/5/2022 21:29:53,441.688,,-487.9944,9.259,170.7252,-100.6,50.6985,-38.7958,-28.0382,1.0199
79,Jun/5/2022 21:09:56,625.638,,-487.9944,0.759,170.7252,-100.6,50.6985,-38.7957,-28.0382,1.0199
78,Jun/5/2022 20:27:52,624.255,,-487.9944,0.757,170.7254,-100.6,50.6986,-38.7957,-28.038,1.02
77,Jun/5/2022 20:26:08,39.147,DARK,-487.9944,0.759,170.7254,-100.6,50.6986,-38.7957,-28.038,1.02
76,Jun/5/2022 1:08:50,573.832,,-487.9922,1.49,170.8904,-100.2,50.8923,-35.5243,-27.6658,1.0196
75,Jun/5/2022 0:53:36,569.917,,-487.9922,1.492,170.8905,-100.2,50.8923,-35.5243,-27.6658,1.0196
74,Jun/5/2022 0:42:19,164.204,,-487.9922,1.496,170.8905,-100.2,50.8923,-35.5243,-27.6658,1.0196
73,Jun/5/2022 0:31:47,299.492,,-487.9922,1.499,170.8905,-100.2,50.8923,-35.5243,-27.6658,1.0196
72,Jun/5/2022 0:21:46,444.703,,-487.9922,1.497,170.8905,-100.2,50.8923,-35.5243,-27.6657,1.0196
71,Jun/5/2022 0:09:58,444.031,,-487.9922,1.501,170.8905,-100.2,50.8923,-35.5243,-27.6658,1.0196
70,Jun/5/2022 0:01:05,443.436,"[-5e-12,-4.5e-12, -4e-12, -3.5e-12, -3e-12, -2.5e-12, -2e-12]",-487.9922,1.497,170.8905,-100.2,50.8923,-35.5243,-27.6658,1.0196
69,Jun/4/2022 23:52:40,444.172,"Scan[-5e-12,-4.5e-12, -4e-12, -3.5e-12, -3e-12, -2.5e-12, -2e-12]",-487.9922,1.503,170.8905,-100.2,50.8923,-35.5243,-27.6659,1.0196
68,Jun/4/2022 23:45:08,377.425,"[-10e-12, -8e-12, -6e-12, -4e-12, -2e-12, 0]",-487.9922,1.498,170.8905,-100.2,50.8923,-35.5243,-27.6658,1.0196
67,Jun/4/2022 23:38:23,379.996,"[-10e-12, -8e-12, -6e-12, -4e-12, -2e-12, 0]",-487.9922,1.501,170.8905,-100.2,50.8923,-35.5243,-27.6658,1.0196
66,Jun/4/2022 23:31:31,378.675,"Scan [-10e-12, -8e-12, -6e-12, -4e-12, -2e-12, 0]",-487.9922,1.503,170.8905,-100.2,50.8923,-35.5243,-27.6658,1.0196
65,Jun/4/2022 23:24:41,316.498,"[-20e-12, -10e-12, 0, 10e-12, 20e-12]",-487.9922,1.509,170.8905,-100.2,50.8923,-35.5243,-27.6658,1.0196
64,Jun/4/2022 23:18:36,315.463,"[-20e-12, -10e-12, 0, 10e-12, 20e-12]",-487.9922,1.511,170.8905,-100.2,50.8923,-35.5243,-27.6657,1.0196
63,Jun/4/2022 23:11:53,314.158,"[-20e-12, -10e-12, 0, 10e-12, 20e-12]",-487.9922,1.512,170.8905,-100.2,50.8923,-35.5243,-27.6657,1.0196
62,Jun/4/2022 23:01:20,313.831,"Scan [-20e-12, -10e-12, 0, 10e-12, 20e-12]",-487.9922,1.509,170.8905,-100.2,50.8923,-35.5243,-27.6657,1.0196
61,Jun/4/2022 22:32:32,122.136,,-487.9922,1.524,170.8905,-100.2,50.8923,-35.5243,-27.6658,1.0196
60,Jun/4/2022 22:28:53,191.593,,-487.9924,1.525,170.8906,-100.2,50.8923,-35.5243,-27.6658,1.0196
59,Jun/4/2022 22:24:51,189.802,,-487.9924,1.526,170.8905,-100.2,50.8923,-35.5242,-27.6658,1.0196
58,Jun/4/2022 22:21:24,189.538,,-487.9924,1.525,170.8906,-100.2,50.8923,-35.5242,-27.6657,1.0196
57,Jun/4/2022 22:10:31,341.617,,-487.9924,1.533,170.8906,-100.2,50.8924,-35.5243,-27.6657,1.0196
56,Jun/4/2022 21:58:56,315.405,,-487.9924,1.541,170.8906,-100.2,50.8924,-35.5243,-27.6658,1.0196
55,Jun/4/2022 21:52:03,318.972,repeat run 55,-487.9924,1.549,170.8906,-100.2,50.8924,-35.5243,-27.6658,1.0196
54,Jun/4/2022 21:46:02,316.583,,-487.9924,1.552,170.8906,-100.2,50.8924,-35.5242,-27.6658,1.0196
53,Jun/4/2022 21:19:34,423.183,SF6 static,-487.9924,12.888,170.8907,-100.2,50.8924,-35.5242,-27.6658,1.0196
52,Jun/4/2022 21:01:01,432.552,Ne static,-487.9926,11.182,170.8907,-100.2,50.8924,-35.5241,-27.6657,1.0196
51,Jun/4/2022 20:45:34,309.189,"Run with X-ray, but no gas",-487.9926,0.778,170.8907,-100.2,50.8924,-35.5241,-27.6656,1.0196
50,Jun/4/2022 20:43:24,39.502,"DARK, pedestal run",-487.9926,0.782,170.8907,-100.2,50.8924,-35.5241,-27.6656,1.0196
49,Jun/4/2022 20:43:17,3.9,trash,-487.9926,0.779,170.8907,-100.2,50.8924,-35.5241,-27.6656,1.0196
48,Jun/4/2022 20:42:57,8.69,trash,-487.9926,0.78,170.8907,-100.2,50.8924,-35.5241,-27.6656,1.0196
47,Jun/4/2022 20:32:16,630.376,pinhole alignment run - for Silke,-487.9928,0.782,170.8907,-100.3,50.8924,-35.5241,-27.6849,1.0196
46,Jun/4/2022 19:59:53,291.077,gas cell alignment run - for Silke,-477.979,0.78,170.8706,-100.3,50.883,-34.524,-50.0018,1.0196
45,Jun/4/2022 17:21:30,74.439,,-0.3028,0.779,170.872,-100.3,50.8832,-35.5241,-27.6851,1.0195
44,Jun/4/2022 15:38:02,28.936,,-0.3028,0.775,170.8719,-100.3,50.8831,-35.5241,-27.6852,1.0195
43,Jun/4/2022 5:47:56,793.955,angle on the waveplate is -33 (16.99 uJ measured before the periscope),-487.9936,1.384,170.8707,-100.3,50.8824,-35.5241,-27.6852,1.0193
42,Jun/4/2022 5:40:33,425.155,angle on the waveplate is -31 (14.26 uJ measured before the periscope),-487.9936,1.388,170.8707,-100.3,50.8824,-35.5241,-27.6853,1.0193
41,Jun/4/2022 5:33:22,420.508,angle on the waveplate is -29 (11.59 uJ measured before the periscope),-487.9936,1.39,170.8708,-100.3,50.8824,-35.5241,-27.6853,1.0193
40,Jun/4/2022 5:26:08,420.929,angle on the waveplate is -27 (9.22 uJ measured before the periscope),-487.9936,1.389,170.8708,-100.3,50.8824,-35.5241,-27.6852,1.0194
39,Jun/4/2022 5:18:47,426.285,angle on the waveplate is -19 (2.4 uJ measured before the periscope),-487.9936,1.393,170.8707,-100.3,50.8824,-35.5241,-27.6852,1.0193
38,Jun/4/2022 5:11:18,430.862,"angle on waveplate before changing is -23 (5.21 uJ measured before the periscope), we optimized the gas cell alignment, and start to record. delay is 10 ps.",-487.9936,1.397,170.8708,-100.3,50.8824,-35.5241,-27.6853,1.0193
37,Jun/4/2022 5:03:12,72.245,angle on waveplate before changing is -23 (5.21 uJ measured before the periscope),-487.9936,1.397,170.8614,-100.2,50.8824,-35.5241,-27.6852,1.0194
36,Jun/4/2022 4:51:22,54.751,,-487.9936,1.414,170.8613,-100.2,50.8668,-35.5241,-27.6852,1.0193
35,Jun/4/2022 4:11:12,267.33,,-487.9922,1.415,170.8615,-100.2,50.8698,-35.5236,-27.6852,1.0193
34,Jun/4/2022 4:06:30,223.979,,-487.9922,1.414,170.8615,-100.2,50.8698,-35.5236,-27.6852,1.0193
33,Jun/4/2022 4:02:29,218.157,,-487.9922,1.421,170.8615,-100.2,50.8698,-35.5235,-27.6852,1.0193
32,Jun/4/2022 3:58:43,210.326,,-487.9922,1.427,170.8616,-100.2,50.8698,-35.5235,-27.6852,1.0193
31,Jun/4/2022 3:53:43,286.822,,-487.9922,1.431,170.8616,-100.2,50.8698,-35.5235,-27.6852,1.0193
30,Jun/4/2022 3:49:57,213.056,,-487.9922,1.437,170.8615,-100.2,50.8698,-35.5235,-27.6852,1.0193
29,Jun/4/2022 3:46:11,211.839,,-487.9922,1.446,170.8616,-100.2,50.8698,-35.5235,-27.6852,1.0193
28,Jun/4/2022 3:42:28,215.078,,-487.9922,1.454,170.8616,-100.2,50.8698,-35.5236,-27.6852,1.0193
27,Jun/4/2022 3:38:32,213.71,,-487.9922,1.46,170.8615,-100.2,50.8698,-35.5236,-27.6852,1.0193
26,Jun/4/2022 3:25:45,212.027,,-487.9922,1.503,170.8615,-100.2,50.8698,-35.5235,-27.6852,1.0193
25,Jun/4/2022 3:20:59,252.292,,-487.9922,1.543,170.8615,-100.2,50.8698,-35.5235,-27.6852,1.0193
24,Jun/4/2022 3:16:10,192.051,,-487.9922,1.622,170.8616,-100.2,50.8698,-35.5235,-27.6852,1.0193
23,Jun/4/2022 3:03:29,215.929,,-487.9922,0.979,170.8616,-100.2,50.8698,-35.5235,-27.6852,1.0193
22,Jun/4/2022 2:58:51,266.383,,-487.9922,0.982,170.8616,-100.2,50.8698,-35.5235,-27.6852,1.0193
21,Jun/4/2022 2:54:43,237.676,,-487.9922,0.946,170.8616,-100.2,50.8698,-35.5235,-27.6852,1.0193
20,Jun/4/2022 2:39:45,243.124,,-487.9922,0.866,170.8616,-100.2,50.8698,-35.5235,-27.6852,1.0193
19,Jun/4/2022 2:07:46,215.576,,-487.9924,0.901,170.8617,-100.2,50.8698,-35.5235,-27.6852,1.0193
18,Jun/4/2022 2:03:50,217.721,,-487.9924,0.903,170.8618,-100.2,50.8698,-35.5235,-27.6852,1.0193
17,Jun/4/2022 1:59:55,214.221,,-487.9924,0.904,170.8616,-100.2,50.8698,-35.5235,-27.6852,1.0193
16,Jun/4/2022 1:55:54,218.356,,-487.9924,0.909,170.8617,-100.2,50.8698,-35.5235,-27.6852,1.0193
15,Jun/4/2022 1:52:30,185.601,,-487.9924,0.947,170.8617,-100.2,50.8698,-35.5235,-27.6852,1.0193
14,Jun/4/2022 1:43:44,222.407,,-487.9924,4.007,170.8618,-100.2,50.8698,-35.5235,-27.6852,1.0193
13,Jun/4/2022 1:39:57,213.626,,-487.9924,4.006,170.8618,-100.2,50.8698,-35.5235,-27.6852,1.0193
12,Jun/4/2022 1:36:09,213.768,,-487.9924,4.014,170.8618,-100.2,50.8698,-35.5235,-27.6852,1.0193
11,Jun/4/2022 1:32:22,216.568,,-487.9924,4.01,170.8618,-100.2,50.8698,-35.5234,-27.6852,1.0193
10,Jun/4/2022 1:28:11,231.632,,-487.9924,4.009,170.8618,-100.2,50.8698,-35.5234,-27.6852,1.0193
9,Jun/4/2022 1:24:26,212.944,,-487.9924,4.016,170.8618,-100.2,50.8698,-35.5235,-27.6852,1.0193
8,Jun/4/2022 1:20:05,213.737,,-487.9924,4.015,170.8617,-100.2,50.8698,-35.5234,-27.6852,1.0193
7,Jun/4/2022 0:27:31,552.915,,-487.9926,18.717,170.8619,-100.2,50.8698,-35.5234,-27.6852,1.0193
6,Jun/4/2022 0:12:21,446.194,,-487.9926,11.177,170.8619,-100.2,50.8698,-35.5234,-27.6852,1.0193
5,Jun/4/2022 0:02:09,408.546,,-487.9928,0.772,170.8619,-100.2,50.8697,-35.5231,-27.6852,1.0193
4,Jun/3/2022 21:42:24,54.177,,-399.9836,0.752,175,-100.9,50.981,-29.2218,-50.0017,1.0193
3,Jun/3/2022 1:17:11,37.779,,0.9874,126.517,222.8,-100.9,62.9395,-49.0284,-50.0024,1.0195
2,Jun/2/2022 18:22:51,38.612,,0.9868,126.517,225.3089,-100.9,53.9644,-43.624,-50.0025,1.123
1,Jun/2/2022 16:54:30,8.506,Test run for DAQ.,0.987,126.517,216.3412,-100.9,7.7681,-28.4269,-50.0025,1.1231